ano,sim_veic_por_carregador_dia,bench_veic_por_carregador_dia,sim_ac_percent,bench_ac_percent,sim_dc_percent,bench_dc_percent,sim_tempo_medio_carga_min,bench_tempo_medio_carga_min
2026,13.333333333333334,12.8,83.33333333333333,84.0,16.666666666666668,16.0,35.64,90.0
2030,10.666666666666666,12.8,86.66666666666667,84.0,13.333333333333334,16.0,36.57149999999999,90.0
2035,9.411764705882353,12.8,82.3529411764706,84.0,17.647058823529413,16.0,35.7714,90.0
